{"cameraMode":{"drawMode":0,"name":"Shaded","section":"Shading Mode"},"sceneLighting":false,"audioPlay":false,"sceneViewState":{"showFog":false,"showMaterialUpdate":false,"showSkybox":false,"showFlares":false,"showImageEffects":false,"showParticleSystems":false},"in2DMode":false,"pivot":{"x":0.4885900020599365,"y":4.171383380889893,"z":-0.020376473665237428},"rotation":{"x":0.1527937352657318,"y":-0.6812551021575928,"z":0.14863336086273194,"w":0.7003240585327148},"size":3.004993438720703,"orthographic":false}